"Registration ID","Timestamp","Full name","Age in Number","Gender","Contact number","Location","Select Category - Crown of Vijayawada","Column 7","Column 8","Column 9"
"VUCR0001","25/09/2026 12:58:17","K.Bindu Bharghavi","29","Female","9339244244","Vijayawada","Mrs. Vijayawada (18+ women married)","I declare that the information provided is true.","I agree to follow the rules and guidelines of Vijayawada Utsav 2025","I understand that the panel decision is finally and they hold the right to disqualify any entry at any stage."
"VUCR0002","25/09/2026 12:59:21","K.Jethwik venkat Somansh","8","Male","8106865244","Vijayawada","Little Vijayawada (6-12 years, Boys, Girls)","I declare that the information provided is true.","I agree to follow the rules and guidelines of Vijayawada Utsav 2025","I understand that the panel decision is finally and they hold the right to disqualify any entry at any stage."
"VUCR0003","25/09/2026 13:01:28","B.Krishna Sunanda Sriya","22","Female","9390130104","Andhra Pradesh (except Vijayawada)","Miss Vijayawada (20+ women unmarried)","I declare that the information provided is true.","I agree to follow the rules and guidelines of Vijayawada Utsav 2025","I understand that the panel decision is finally and they hold the right to disqualify any entry at any stage."
"VUCR0004","25/09/2026 13:06:03","Panditi Lakshana Reddy","9","Female","8466962546","Vijayawada","Little Vijayawada (6-12 years, Boys, Girls)","I declare that the information provided is true.","I agree to follow the rules and guidelines of Vijayawada Utsav 2025","I understand that the panel decision is finally and they hold the right to disqualify any entry at any stage."
"VUCR0005","25/09/2026 13:06:47","Jinka sri raja Vedanshi ","5","Female","9059334535","Vijayawada","Little Vijayawada (6-12 years, Boys, Girls)","I declare that the information provided is true.","I agree to follow the rules and guidelines of Vijayawada Utsav 2025","I understand that the panel decision is finally and they hold the right to disqualify any entry at any stage."
"VUCR0006","25/09/2026 13:06:52","Rajya lakshmi vutla ","19","Female","7330660703","Vijayawada","Teen Vijayawada (13-19 years, Boys, Girls)","I declare that the information provided is true.","I agree to follow the rules and guidelines of Vijayawada Utsav 2025","I understand that the panel decision is finally and they hold the right to disqualify any entry at any stage."
"VUCR0007","25/09/2026 13:07:25","Panditi Nakshith Venkata Siva Reddy","5","Male","8466962546","Vijayawada","Little Vijayawada (6-12 years, Boys, Girls)","I declare that the information provided is true.","I agree to follow the rules and guidelines of Vijayawada Utsav 2025","I understand that the panel decision is finally and they hold the right to disqualify any entry at any stage."
"VUCR0008","25/09/2026 13:08:06","Jinka parameswar ","7","Male","7702727131","Vijayawada","Little Vijayawada (6-12 years, Boys, Girls)","I declare that the information provided is true.","I agree to follow the rules and guidelines of Vijayawada Utsav 2025","I understand that the panel decision is finally and they hold the right to disqualify any entry at any stage."
"VUCR0009","25/09/2026 13:13:22","Sk Afreen, sk suhana","13","Female","","Vijayawada","Teen Vijayawada (13-19 years, Boys, Girls)","I declare that the information provided is true.","I agree to follow the rules and guidelines of Vijayawada Utsav 2025","I understand that the panel decision is finally and they hold the right to disqualify any entry at any stage."
"VUCR0010","25/09/2026 13:22:23","G Naga Tanvi Sri ","12","Female","9642777534","Vijayawada","Little Vijayawada (6-12 years, Boys, Girls)","I declare that the information provided is true.","I agree to follow the rules and guidelines of Vijayawada Utsav 2025","I understand that the panel decision is finally and they hold the right to disqualify any entry at any stage."
"VUCR0011","25/09/2026 13:26:00","B.vedasri","13","Female","9010144956","Vijayawada","Teen Vijayawada (13-19 years, Boys, Girls)","I declare that the information provided is true.","I agree to follow the rules and guidelines of Vijayawada Utsav 2025","I understand that the panel decision is finally and they hold the right to disqualify any entry at any stage."
"VUCR0011","25/09/2026 13:28:12","B.vedasri","13","Female","9010144956","Vijayawada","Teen Vijayawada (13-19 years, Boys, Girls)","I declare that the information provided is true.","I agree to follow the rules and guidelines of Vijayawada Utsav 2025","I understand that the panel decision is finally and they hold the right to disqualify any entry at any stage."
"VUCR0012","25/09/2026 13:57:11","Vanguru yogitha Lakshmi","16","Female","8885124717","Vijayawada","Teen Vijayawada (13-19 years, Boys, Girls)","I declare that the information provided is true.","I agree to follow the rules and guidelines of Vijayawada Utsav 2025","I understand that the panel decision is finally and they hold the right to disqualify any entry at any stage."
"VUCR0013","25/09/2026 13:57:46","Vanguru thanya sri","9","Female","8885124717","Vijayawada","Little Vijayawada (6-12 years, Boys, Girls)","I declare that the information provided is true.","I agree to follow the rules and guidelines of Vijayawada Utsav 2025","I understand that the panel decision is finally and they hold the right to disqualify any entry at any stage."
"VUCR0014","25/09/2026 14:18:50","Ch.Bhanu sirisha ","35","Female","9595866666","Vijayawada","Mrs. Vijayawada (18+ women married)","I declare that the information provided is true.","I agree to follow the rules and guidelines of Vijayawada Utsav 2025","I understand that the panel decision is finally and they hold the right to disqualify any entry at any stage."
"VUCR0015","25/09/2026 14:20:47","Mahath Malladi ","15","Male","9963829180","Vijayawada","Teen Vijayawada (13-19 years, Boys, Girls)","I declare that the information provided is true.","I agree to follow the rules and guidelines of Vijayawada Utsav 2025","I understand that the panel decision is finally and they hold the right to disqualify any entry at any stage."
"VUCR0016","25/09/2026 14:22:56","Sireesha Malladi ","45","Female","9963829180","Vijayawada","","I declare that the information provided is true.","I agree to follow the rules and guidelines of Vijayawada Utsav 2025","I understand that the panel decision is finally and they hold the right to disqualify any entry at any stage."
"VUCR0017","25/09/2026 14:25:11","MPR RAJ ","19","Male","9030328479","Vijayawada","Teen Vijayawada (13-19 years, Boys, Girls)","I declare that the information provided is true.","I agree to follow the rules and guidelines of Vijayawada Utsav 2025","I understand that the panel decision is finally and they hold the right to disqualify any entry at any stage."
"VUCR0018","25/09/2026 14:32:06","Sainadh Kamma","30","Male","9948199508","Vijayawada","Mr. Vijayawada (20 - 60  Men)","I declare that the information provided is true.","I agree to follow the rules and guidelines of Vijayawada Utsav 2025","I understand that the panel decision is finally and they hold the right to disqualify any entry at any stage."
"VUCR0019","25/09/2026 14:34:18","Ch yoshnitharam ","6","Female","9963791271","Vijayawada","Little Vijayawada (6-12 years, Boys, Girls)","I declare that the information provided is true.","I agree to follow the rules and guidelines of Vijayawada Utsav 2025","I understand that the panel decision is finally and they hold the right to disqualify any entry at any stage."
"VUCR0020","25/09/2026 14:35:33","G Vinyasri","6","Female","7207264858","Vijayawada","Little Vijayawada (6-12 years, Boys, Girls)","I declare that the information provided is true.","I agree to follow the rules and guidelines of Vijayawada Utsav 2025","I understand that the panel decision is finally and they hold the right to disqualify any entry at any stage."
"VUCR0021","25/09/2026 14:48:26","Hanwika sree","","Female","6305048754","Vijayawada","Little Vijayawada (6-12 years, Boys, Girls)","I declare that the information provided is true.","I agree to follow the rules and guidelines of Vijayawada Utsav 2025","I understand that the panel decision is finally and they hold the right to disqualify any entry at any stage."
"VUCR0022","25/09/2026 14:52:58","Shrinika Bitra","6","Female","7382359491","Vijayawada","Little Vijayawada (6-12 years, Boys, Girls)","I declare that the information provided is true.","I agree to follow the rules and guidelines of Vijayawada Utsav 2025","I understand that the panel decision is finally and they hold the right to disqualify any entry at any stage."
"VUCR0023","25/09/2026 15:37:48","K. Shashank","19","Male","9010495300","Vijayawada","Teen Vijayawada (13-19 years, Boys, Girls)","I declare that the information provided is true.","I agree to follow the rules and guidelines of Vijayawada Utsav 2025","I understand that the panel decision is finally and they hold the right to disqualify any entry at any stage."
"VUCR0024","25/09/2026 15:42:34","Midhuna chowdary Gorantla ","10","Female","8500085898","Vijayawada","Little Vijayawada (6-12 years, Boys, Girls)","I declare that the information provided is true.","I agree to follow the rules and guidelines of Vijayawada Utsav 2025","I understand that the panel decision is finally and they hold the right to disqualify any entry at any stage."
"VUCR0025","25/09/2026 16:09:08","Ch Dhaanvikaram ","6","Female","9963791271","Vijayawada","Little Vijayawada (6-12 years, Boys, Girls)","I declare that the information provided is true.","I agree to follow the rules and guidelines of Vijayawada Utsav 2025","I understand that the panel decision is finally and they hold the right to disqualify any entry at any stage."
"VUCR0026","25/09/2026 16:36:24","Budha tanuja ","42","Female","9676252126","Vijayawada","Mrs. Vijayawada (18+ women married)","I declare that the information provided is true.","I agree to follow the rules and guidelines of Vijayawada Utsav 2025","I understand that the panel decision is finally and they hold the right to disqualify any entry at any stage."
"VUCR0027","25/09/2026 17:30:44","Rpl narasimharao","64","Male","9491527349","Vijayawada","Golden Face Vijayawada (60+ Men & Women)","I declare that the information provided is true.","I agree to follow the rules and guidelines of Vijayawada Utsav 2025","I understand that the panel decision is finally and they hold the right to disqualify any entry at any stage."
"VUCR0028","25/09/2026 17:55:35","Nalam pranav Goutam ","10","Male","9490754383","Vijayawada","Little Vijayawada (6-12 years, Boys, Girls)","I declare that the information provided is true.","I agree to follow the rules and guidelines of Vijayawada Utsav 2025","I understand that the panel decision is finally and they hold the right to disqualify any entry at any stage."
"VUCR0029","25/09/2026 19:47:20","Karumuri Moulya Padmavathi Srivalli ","18","Female","9502657206","Vijayawada","Teen Vijayawada (13-19 years, Boys, Girls)","I declare that the information provided is true.","I agree to follow the rules and guidelines of Vijayawada Utsav 2025","I understand that the panel decision is finally and they hold the right to disqualify any entry at any stage."
"VUCR0030","25/09/2026 21:51:36","D. Keerthi ","","Female","8184982470","Andhra Pradesh (except Vijayawada)","Teen Vijayawada (13-19 years, Boys, Girls)","I declare that the information provided is true.","I agree to follow the rules and guidelines of Vijayawada Utsav 2025","I understand that the panel decision is finally and they hold the right to disqualify any entry at any stage."
"VUCR0031","25/09/2026 21:56:29","D.venkata ratnam ","14","Male","8184982470","Andhra Pradesh (except Vijayawada)","","I declare that the information provided is true.","I agree to follow the rules and guidelines of Vijayawada Utsav 2025","I understand that the panel decision is finally and they hold the right to disqualify any entry at any stage."
"VUCR0032","25/09/2026 21:57:37","Guttikonda vedasri","13","Female","8374661731","Andhra Pradesh (except Vijayawada)","Teen Vijayawada (13-19 years, Boys, Girls)","I declare that the information provided is true.","I agree to follow the rules and guidelines of Vijayawada Utsav 2025","I understand that the panel decision is finally and they hold the right to disqualify any entry at any stage."
"VUCR0030","25/09/2026 21:58:01","D. Keerthi ","15","Female","8184982470","Andhra Pradesh (except Vijayawada)","","I declare that the information provided is true.","I agree to follow the rules and guidelines of Vijayawada Utsav 2025","I understand that the panel decision is finally and they hold the right to disqualify any entry at any stage."
"VUCR0032","25/09/2026 22:00:10","Guttikonda vedasri","13","Female","8374661731","Andhra Pradesh (except Vijayawada)","Teen Vijayawada (13-19 years, Boys, Girls)","I declare that the information provided is true.","I agree to follow the rules and guidelines of Vijayawada Utsav 2025","I understand that the panel decision is finally and they hold the right to disqualify any entry at any stage."
"VUCR0033","25/09/2026 22:36:14","Likhitha Sai Sree Vutla","12","Female","7032663289","Other","Little Vijayawada (6-12 years, Boys, Girls)","I declare that the information provided is true.","I agree to follow the rules and guidelines of Vijayawada Utsav 2025","I understand that the panel decision is finally and they hold the right to disqualify any entry at any stage."
"VUCR0034","26/09/2026 07:03:13","N Ram Chaitanya","15","Male","9704427922","Vijayawada","Teen Vijayawada (13-19 years, Boys, Girls)","I declare that the information provided is true.","I agree to follow the rules and guidelines of Vijayawada Utsav 2025","I understand that the panel decision is finally and they hold the right to disqualify any entry at any stage."
"VUCR0035","26/09/2026 14:11:28","M S Vaishnavya ","10","Female","9160247896","Vijayawada","Little Vijayawada (6-12 years, Boys, Girls)","I declare that the information provided is true.","I agree to follow the rules and guidelines of Vijayawada Utsav 2025","I understand that the panel decision is finally and they hold the right to disqualify any entry at any stage."
"VUCR0036","26/09/2026 14:17:48","Talamanchi jaswitha","","Female","7396799270","Andhra Pradesh (except Vijayawada)","Little Vijayawada (6-12 years, Boys, Girls)","I declare that the information provided is true.","I agree to follow the rules and guidelines of Vijayawada Utsav 2025","I understand that the panel decision is finally and they hold the right to disqualify any entry at any stage."
"VUCR0005","26/09/2026 14:21:47","Jinka sri raja Vedanshi ","5","Female","9059334535","Vijayawada","Little Vijayawada (6-12 years, Boys, Girls)","I declare that the information provided is true.","I agree to follow the rules and guidelines of Vijayawada Utsav 2025","I understand that the panel decision is finally and they hold the right to disqualify any entry at any stage."
"VUCR0036","26/09/2026 14:30:01","Talamanchi jaswitha","","Female","7396799270","Vijayawada","Little Vijayawada (6-12 years, Boys, Girls)","I declare that the information provided is true.","I agree to follow the rules and guidelines of Vijayawada Utsav 2025","I understand that the panel decision is finally and they hold the right to disqualify any entry at any stage."
"VUCR0037","26/09/2026 18:34:37","Gadde.Meenakshi","15","Female","9704947325","Vijayawada","Teen Vijayawada (13-19 years, Boys, Girls)","I declare that the information provided is true.","I agree to follow the rules and guidelines of Vijayawada Utsav 2025","I understand that the panel decision is finally and they hold the right to disqualify any entry at any stage."
"VUCR0038","26/09/2026 23:10:25","Gadila Lathadevi ","21","Female","9063222273","Vijayawada","Miss Vijayawada (20+ women unmarried)","I declare that the information provided is true.","I agree to follow the rules and guidelines of Vijayawada Utsav 2025","I understand that the panel decision is finally and they hold the right to disqualify any entry at any stage."
"VUCR0039","28/09/2026 10:49:25","Annepu Aadhya sri ","7","Female","8309956371","Vijayawada","Little Vijayawada (6-12 years, Boys, Girls)","I declare that the information provided is true.","I agree to follow the rules and guidelines of Vijayawada Utsav 2025","I understand that the panel decision is finally and they hold the right to disqualify any entry at any stage."
"VUCR0040","28/09/2026 19:16:44","V D S Kartik","10","Male","9885137262","Andhra Pradesh (except Vijayawada)","Little Vijayawada (6-12 years, Boys, Girls)","I declare that the information provided is true.","I agree to follow the rules and guidelines of Vijayawada Utsav 2025","I understand that the panel decision is finally and they hold the right to disqualify any entry at any stage."
"VUCR0041","28/09/2026 20:54:47","ADUSUMELLE MOKSHA SAI ","11","Female","9848459492","Vijayawada","Little Vijayawada (6-12 years, Boys, Girls)","I declare that the information provided is true.","I agree to follow the rules and guidelines of Vijayawada Utsav 2025","I understand that the panel decision is finally and they hold the right to disqualify any entry at any stage."
"VUCR0042","28/09/2026 20:55:56","ADUSUMELLE GOPIKA VARNA ","10","Female","9848459492","Vijayawada","Little Vijayawada (6-12 years, Boys, Girls)","I declare that the information provided is true.","I agree to follow the rules and guidelines of Vijayawada Utsav 2025","I understand that the panel decision is finally and they hold the right to disqualify any entry at any stage."
"VUCR0043","29/09/2026 08:30:50","Yellapu Tanusha ","10","Female","9133322448","Vijayawada","Little Vijayawada (6-12 years, Boys, Girls)","I declare that the information provided is true.","I agree to follow the rules and guidelines of Vijayawada Utsav 2025","I understand that the panel decision is finally and they hold the right to disqualify any entry at any stage."
"VUCR0044","29/09/2026 12:39:13","Kadaru Venkata Rekha Nandini ","19","Female","7337421719","Vijayawada","Teen Vijayawada (13-19 years, Boys, Girls)","I declare that the information provided is true.","I agree to follow the rules and guidelines of Vijayawada Utsav 2025","I understand that the panel decision is finally and they hold the right to disqualify any entry at any stage."
"VUCR0045","29/09/2026 12:45:55","Sk Nithya niheera","13","Female","9398258289","Andhra Pradesh (except Vijayawada)","Teen Vijayawada (13-19 years, Boys, Girls)","I declare that the information provided is true.","I agree to follow the rules and guidelines of Vijayawada Utsav 2025","I understand that the panel decision is finally and they hold the right to disqualify any entry at any stage."
"VUCR0045","29/09/2026 12:52:36","Sk Nithya niheera","13","Female","9398258289","Andhra Pradesh (except Vijayawada)","Teen Vijayawada (13-19 years, Boys, Girls)","I declare that the information provided is true.","I agree to follow the rules and guidelines of Vijayawada Utsav 2025","I understand that the panel decision is finally and they hold the right to disqualify any entry at any stage."
"VUCR0045","29/09/2026 12:53:38","Sk Nithya niheera","13","Female","9398258289","Andhra Pradesh (except Vijayawada)","Teen Vijayawada (13-19 years, Boys, Girls)","I declare that the information provided is true.","I agree to follow the rules and guidelines of Vijayawada Utsav 2025","I understand that the panel decision is finally and they hold the right to disqualify any entry at any stage."
"VUCR0008","29/09/2026 13:35:25","Jinka parameswar ","7","Male","7702727131","Vijayawada","Little Vijayawada (6-12 years, Boys, Girls)","I declare that the information provided is true.","I agree to follow the rules and guidelines of Vijayawada Utsav 2025","I understand that the panel decision is finally and they hold the right to disqualify any entry at any stage."
"VUCR0005","29/09/2026 13:36:22","Jinka sri raja Vedanshi ","5","Female","9059334535","Vijayawada","Little Vijayawada (6-12 years, Boys, Girls)","I declare that the information provided is true.","I agree to follow the rules and guidelines of Vijayawada Utsav 2025","I understand that the panel decision is finally and they hold the right to disqualify any entry at any stage."
"VUCR0028","29/09/2026 14:05:16","Nalam pranav Goutam ","10","Male","9490754383","Vijayawada","Little Vijayawada (6-12 years, Boys, Girls)","I declare that the information provided is true.","I agree to follow the rules and guidelines of Vijayawada Utsav 2025","I understand that the panel decision is finally and they hold the right to disqualify any entry at any stage."
"VUCR0046","29/09/2026 14:27:05","Neeraja Hari Prabhala","61","Female","9490333194","Vijayawada","Mrs. Vijayawada (18+ women married)","I declare that the information provided is true.","I agree to follow the rules and guidelines of Vijayawada Utsav 2025","I understand that the panel decision is finally and they hold the right to disqualify any entry at any stage."
"VUCR0047","29/09/2026 15:21:37","A Ajay kumar Reddy","","Male","7995434869","Vijayawada","Little Vijayawada (6-12 years, Boys, Girls)","I declare that the information provided is true.","I agree to follow the rules and guidelines of Vijayawada Utsav 2025","I understand that the panel decision is finally and they hold the right to disqualify any entry at any stage."
"VUCR0048","29/09/2026 15:29:32","Indukuri jhansi","","Female","8143259459","Vijayawada","Little Vijayawada (6-12 years, Boys, Girls)","I declare that the information provided is true.","I agree to follow the rules and guidelines of Vijayawada Utsav 2025","I understand that the panel decision is finally and they hold the right to disqualify any entry at any stage."
"VUCR0049","29/09/2026 15:46:16","karthisha.balanki","","Female","8333908012","Vijayawada","Little Vijayawada (6-12 years, Boys, Girls)","I declare that the information provided is true.","I agree to follow the rules and guidelines of Vijayawada Utsav 2025","I understand that the panel decision is finally and they hold the right to disqualify any entry at any stage."
"VUCR0050","29/09/2026 19:12:16","Kundeti anusha","37","Female","8885356979","Vijayawada","Mrs. Vijayawada (18+ women married)","I declare that the information provided is true.","I agree to follow the rules and guidelines of Vijayawada Utsav 2025","I understand that the panel decision is finally and they hold the right to disqualify any entry at any stage."
"VUCR0051","29/09/2026 19:35:42","Jaanvitha.G","6","Female","9704167087","Vijayawada","Little Vijayawada (6-12 years, Boys, Girls)","I declare that the information provided is true.","I agree to follow the rules and guidelines of Vijayawada Utsav 2025","I understand that the panel decision is finally and they hold the right to disqualify any entry at any stage."
"VUCR0052","29/09/2026 19:35:53","Chanati Varshitha","8","Female","9573724131","Vijayawada","Little Vijayawada (6-12 years, Boys, Girls)","I declare that the information provided is true.","I agree to follow the rules and guidelines of Vijayawada Utsav 2025","I understand that the panel decision is finally and they hold the right to disqualify any entry at any stage."
"VUCR0053","29/09/2026 19:36:55","Evana Grace.Busi","","Female","8019398899","Vijayawada","Little Vijayawada (6-12 years, Boys, Girls)","I declare that the information provided is true.","I agree to follow the rules and guidelines of Vijayawada Utsav 2025","I understand that the panel decision is finally and they hold the right to disqualify any entry at any stage."
"VUCR0054","29/09/2026 19:44:13","Y.Revanthika","6","Female","8121724791","Vijayawada","Little Vijayawada (6-12 years, Boys, Girls)","I declare that the information provided is true.","I agree to follow the rules and guidelines of Vijayawada Utsav 2025","I understand that the panel decision is finally and they hold the right to disqualify any entry at any stage."
"VUCR0055","29/09/2026 19:53:21","D.Charishma","20","Female","9705395809","Vijayawada","Miss Vijayawada (20+ women unmarried)","I declare that the information provided is true.","I agree to follow the rules and guidelines of Vijayawada Utsav 2025","I understand that the panel decision is finally and they hold the right to disqualify any entry at any stage."
"VUCR0056","29/09/2026 19:53:36","Karra shanvi priya","","Female","9392220759","Vijayawada","Little Vijayawada (6-12 years, Boys, Girls)","I declare that the information provided is true.","I agree to follow the rules and guidelines of Vijayawada Utsav 2025","I understand that the panel decision is finally and they hold the right to disqualify any entry at any stage."
"VUCR0057","29/09/2026 20:16:07","Mucharla Kavyasri","11","Female","6281567790","Andhra Pradesh (except Vijayawada)","Little Vijayawada (6-12 years, Boys, Girls)","I declare that the information provided is true.","I agree to follow the rules and guidelines of Vijayawada Utsav 2025","I understand that the panel decision is finally and they hold the right to disqualify any entry at any stage."
"VUCR0058","29/09/2026 20:18:32","Mucharla Lekshana","8","Female","6281567790","Andhra Pradesh (except Vijayawada)","Little Vijayawada (6-12 years, Boys, Girls)","I declare that the information provided is true.","I agree to follow the rules and guidelines of Vijayawada Utsav 2025","I understand that the panel decision is finally and they hold the right to disqualify any entry at any stage."
"VUCR0059","29/09/2026 21:04:07","PADAVALA MONIKA KIRAN ","23","Female","7396461918","Andhra Pradesh (except Vijayawada)","Miss Vijayawada (20+ women unmarried)","I declare that the information provided is true.","I agree to follow the rules and guidelines of Vijayawada Utsav 2025","I understand that the panel decision is finally and they hold the right to disqualify any entry at any stage."
"VUCR0060","29/09/2026 21:04:33","Seelam sathwik","7","Male","9515561943","Vijayawada","Little Vijayawada (6-12 years, Boys, Girls)","I declare that the information provided is true.","I agree to follow the rules and guidelines of Vijayawada Utsav 2025","I understand that the panel decision is finally and they hold the right to disqualify any entry at any stage."
"VUCR0061","29/09/2026 21:10:18","Joshna Venkata Naga Lakshmi Tammina ","","Female","9912538292","Vijayawada","Mrs. Vijayawada (18+ women married)","I declare that the information provided is true.","I agree to follow the rules and guidelines of Vijayawada Utsav 2025","I understand that the panel decision is finally and they hold the right to disqualify any entry at any stage."
"VUCR0062","29/09/2026 21:20:56","Naga Sree Mahalakshmi kolli ","17","Female","6303745022","Vijayawada","Teen Vijayawada (13-19 years, Boys, Girls)","I declare that the information provided is true.","I agree to follow the rules and guidelines of Vijayawada Utsav 2025","I understand that the panel decision is finally and they hold the right to disqualify any entry at any stage."
"VUCR0063","29/09/2026 21:55:04","Akula.Brahmani","6","Female","6304732900","Vijayawada","Little Vijayawada (6-12 years, Boys, Girls)","I declare that the information provided is true.","I agree to follow the rules and guidelines of Vijayawada Utsav 2025","I understand that the panel decision is finally and they hold the right to disqualify any entry at any stage."
"VUCR0064","29/09/2026 21:56:08","Akula.Bhavishya","8","Female","6304732900","Vijayawada","Little Vijayawada (6-12 years, Boys, Girls)","I declare that the information provided is true.","I agree to follow the rules and guidelines of Vijayawada Utsav 2025","I understand that the panel decision is finally and they hold the right to disqualify any entry at any stage."
"VUCR0065","29/09/2026 22:25:18","Meda Sindhu sri ","21","Female","8125796245","Vijayawada","Miss Vijayawada (20+ women unmarried)","I declare that the information provided is true.","I agree to follow the rules and guidelines of Vijayawada Utsav 2025","I understand that the panel decision is finally and they hold the right to disqualify any entry at any stage."
"VUCR0066","30/09/2026 06:47:00","Sunanda Raju ","21","Male","7207051733","Vijayawada","","I declare that the information provided is true.","I agree to follow the rules and guidelines of Vijayawada Utsav 2025","I understand that the panel decision is finally and they hold the right to disqualify any entry at any stage."
"VUCR0066","30/09/2026 06:48:20","Sunanda Raju ","21","Male","7207051733","Vijayawada","Mr. Vijayawada (20 - 60  Men)","I declare that the information provided is true.","I agree to follow the rules and guidelines of Vijayawada Utsav 2025","I understand that the panel decision is finally and they hold the right to disqualify any entry at any stage."
"VUCR0067","30/09/2026 06:56:42","Vamsi Krishna Konduru ","21","Male","9059310707","Andhra Pradesh (except Vijayawada)","Mr. Vijayawada (20 - 60  Men)","I declare that the information provided is true.","I agree to follow the rules and guidelines of Vijayawada Utsav 2025","I understand that the panel decision is finally and they hold the right to disqualify any entry at any stage."
"VUCR0068","30/09/2026 07:44:12","Velisetti Medha sri","12","Female","9063839378","Andhra Pradesh (except Vijayawada)","Little Vijayawada (6-12 years, Boys, Girls)","I declare that the information provided is true.","I agree to follow the rules and guidelines of Vijayawada Utsav 2025","I understand that the panel decision is finally and they hold the right to disqualify any entry at any stage."
"VUCR0069","30/09/2026 09:46:30","PUSAPATI ROOHIKA ","8","Female","9441024773","Vijayawada","Little Vijayawada (6-12 years, Boys, Girls)","I declare that the information provided is true.","I agree to follow the rules and guidelines of Vijayawada Utsav 2025","I understand that the panel decision is finally and they hold the right to disqualify any entry at any stage."
"VUCR0085","30/09/2026 09:49:05","P.ROOHIKA","8","Female","9390613036","Vijayawada","Little Vijayawada (6-12 years, Boys, Girls)","I declare that the information provided is true.","I agree to follow the rules and guidelines of Vijayawada Utsav 2025","I understand that the panel decision is finally and they hold the right to disqualify any entry at any stage."
"VUCR0069","30/09/2026 09:51:20","PUSAPATI ROOHIKA ","8","Female","9441024773","Vijayawada","Little Vijayawada (6-12 years, Boys, Girls)","I declare that the information provided is true.","I agree to follow the rules and guidelines of Vijayawada Utsav 2025","I understand that the panel decision is finally and they hold the right to disqualify any entry at any stage."
"VUCR0070","30/09/2026 11:32:32","Dasari kruthika sri lakshmi","6","Female","9705798626","Vijayawada","Little Vijayawada (6-12 years, Boys, Girls)","I declare that the information provided is true.","I agree to follow the rules and guidelines of Vijayawada Utsav 2025","I understand that the panel decision is finally and they hold the right to disqualify any entry at any stage."
"VUCR0071","30/09/2026 11:49:03","Sanjay eamsai","17","Male","7396780998","Vijayawada","Teen Vijayawada (13-19 years, Boys, Girls)","I declare that the information provided is true.","I agree to follow the rules and guidelines of Vijayawada Utsav 2025","I understand that the panel decision is finally and they hold the right to disqualify any entry at any stage."
"VUCR0072","30/09/2026 13:10:15","Sannikanti chandra sekhar rao","17","Male","8688426039","Vijayawada","Teen Vijayawada (13-19 years, Boys, Girls)","I declare that the information provided is true.","I agree to follow the rules and guidelines of Vijayawada Utsav 2025","I understand that the panel decision is finally and they hold the right to disqualify any entry at any stage."
"VUCR0073","30/09/2026 14:30:12","Balakanyakumarid","61","Female","9398704665","Vijayawada","Couple Vijayawada (Married Couples )","I declare that the information provided is true.","I agree to follow the rules and guidelines of Vijayawada Utsav 2025","I understand that the panel decision is finally and they hold the right to disqualify any entry at any stage."
"VUCR0074","30/09/2026 14:34:43","G.mohini ","62","Female","7416548156","Vijayawada","Golden Face Vijayawada (60+ Men & Women)","I declare that the information provided is true.","I agree to follow the rules and guidelines of Vijayawada Utsav 2025","I understand that the panel decision is finally and they hold the right to disqualify any entry at any stage."
"VUCR0075","30/09/2026 18:26:44","K.Janeesha","9","Female","6302898964","Vijayawada","Little Vijayawada (6-12 years, Boys, Girls)","I declare that the information provided is true.","I agree to follow the rules and guidelines of Vijayawada Utsav 2025","I understand that the panel decision is finally and they hold the right to disqualify any entry at any stage."
"VUCR0076","30/09/2026 18:32:04","Motepalli Thanu sri ","15","Female","7382668258","Vijayawada","Teen Vijayawada (13-19 years, Boys, Girls)","I declare that the information provided is true.","I agree to follow the rules and guidelines of Vijayawada Utsav 2025","I understand that the panel decision is finally and they hold the right to disqualify any entry at any stage."
"VUCR0077","30/09/2026 18:57:12","A jaya hasini","13","Female","8106272690","Vijayawada","Teen Vijayawada (13-19 years, Boys, Girls)","I declare that the information provided is true.","I agree to follow the rules and guidelines of Vijayawada Utsav 2025","I understand that the panel decision is finally and they hold the right to disqualify any entry at any stage."
"VUCR0078","30/09/2026 19:27:48","T.Guna sri","10","Female","7013774497","Vijayawada","Little Vijayawada (6-12 years, Boys, Girls)","I declare that the information provided is true.","I agree to follow the rules and guidelines of Vijayawada Utsav 2025","I understand that the panel decision is finally and they hold the right to disqualify any entry at any stage."
"VUCR0079","30/09/2026 19:29:20","T.Yasaswi","7","Female","7013774497","Vijayawada","Little Vijayawada (6-12 years, Boys, Girls)","I declare that the information provided is true.","I agree to follow the rules and guidelines of Vijayawada Utsav 2025","I understand that the panel decision is finally and they hold the right to disqualify any entry at any stage."
"VUCR0080","30/09/2026 20:05:26","S kondalarao ","54","Male","6303693550","Vijayawada","Little Vijayawada (6-12 years, Boys, Girls)","I declare that the information provided is true.","I agree to follow the rules and guidelines of Vijayawada Utsav 2025","I understand that the panel decision is finally and they hold the right to disqualify any entry at any stage."
"VUCR0081","30/09/2026 20:10:40","శేగు. వెంకట లక్ష్మి కుమారి ","63","Female","8374728932","Vijayawada","Couple Vijayawada (Married Couples )","I declare that the information provided is true.","I agree to follow the rules and guidelines of Vijayawada Utsav 2025","I understand that the panel decision is finally and they hold the right to disqualify any entry at any stage."
"VUCR0082","30/09/2026 22:06:13","K sree anjana madhu viharika","11","Female","6305104441","Andhra Pradesh (except Vijayawada)","Little Vijayawada (6-12 years, Boys, Girls)","I declare that the information provided is true.","I agree to follow the rules and guidelines of Vijayawada Utsav 2025","I understand that the panel decision is finally and they hold the right to disqualify any entry at any stage."
"VUCR0082","30/09/2026 22:09:47","K sree anjana madhu viharika","11","Female","6305104441","Andhra Pradesh (except Vijayawada)","Little Vijayawada (6-12 years, Boys, Girls)","I declare that the information provided is true.","I agree to follow the rules and guidelines of Vijayawada Utsav 2025","I understand that the panel decision is finally and they hold the right to disqualify any entry at any stage."
"VUCR0083","01/10/2026 08:49:31","G varshini ","12","Female","7095864467","Vijayawada","Little Vijayawada (6-12 years, Boys, Girls)","I declare that the information provided is true.","I agree to follow the rules and guidelines of Vijayawada Utsav 2025","I understand that the panel decision is finally and they hold the right to disqualify any entry at any stage."
"VUCR0084","01/10/2026 10:34:54","Bandaru meghana","14","Female","9177656867","Vijayawada","Teen Vijayawada (13-19 years, Boys, Girls)","I declare that the information provided is true.","I agree to follow the rules and guidelines of Vijayawada Utsav 2025","I understand that the panel decision is finally and they hold the right to disqualify any entry at any stage."