Registration ID,Timestamp,Full name,Age,Gender,Contact number,Location,Categories,Upload / Profile Link
VUWW0001,25/09/2026 12:59:24,Puvvada nikitha,18+,Female,8143650618,Vijayawada,"Avakai, Annapoorna, Gorinta Varnam, Saree Sutra, Navya Nagalu, Thread & Tinge",godavari_logili
VUWW0002,25/09/2026 13:11:49,Sk Meharaj sulthana,18+,Female,,Vijayawada,Gorinta Varnam,
VUWW0003,25/09/2026 13:25:38,G radha,18+,Female,8341184455,Vijayawada,Annapoorna,
VUWW0004,25/09/2026 14:46:53,G Mohini,18+,Female,7416548156,Vijayawada,"Avakai, Annapoorna",
VUWW0005,25/09/2026 15:02:24,Neeli Pramila Devi,18+,Female,9290647458,Vijayawada,"Annapoorna, Thread & Tinge",
VUWW0006,25/09/2026 15:36:13,BATCHU hymavathi,18+,Female,9290725773,Vijayawada,Avakai,No
VUWW0007,25/09/2026 16:31:17,Budha Tanuja,18+,Female,9676252126,Vijayawada,Gorinta Varnam,Yes
VUWW0008,25/09/2026 17:33:23,V.sailaja,18+,Female,,Vijayawada,Thread & Tinge,https://www.instagram.com/reel/DbH-HZ2swHV/?stkn=MXVoY2RsNW4zY2RvOA== krishna painting
VUWW0009,25/09/2026 19:00:39,Y Bhuvaneswari,18+,Female,9297257015,Vijayawada,Shakthi Pitch,https://www.instagram.com/jahnaviphotoframes?stkn=OGJhdnNzdGhkdnd5
VUWW0010,25/09/2026 19:21:10,M subadra,18+,Female,9502900282,Vijayawada,Annapoorna,
VUWW0011,25/09/2026 21:32:09,Amulya Veeramaneni,18+,Female,7661899655,Vijayawada,"Malyada, Navya Nagalu, Shakthi Pitch",https://www.instagram.com/ammucrafts/?hl=en
VUWW0012,25/09/2026 22:20:29,Bolisetty Mahalakshmi,18+,Female,7842442980,Vijayawada,"Avakai, Navya Nagalu",
VUWW0013,26/09/2026 01:37:22,Yukta Anu Deepika B,18+,Female,8712240589,Vijayawada,Navya Nagalu,
VUWW0014,26/09/2026 14:16:28,G Pushpa Kumari,18+,Female,9059334535,Vijayawada,"Avakai, Annapoorna",
VUWW0015,27/09/2026 13:40:14,Nagakruthika,18+,Female,9491616238,Vijayawada,Annapoorna,
VUWW0016,27/09/2026 18:31:52,Mohammed almas,18+,Female,6302041578,Vijayawada,Annapoorna,
VUWW0017,28/09/2026 19:04:59,YARAKALA SAI PRASANNA,18+,Female,8688030455,Vijayawada,"Thread & Tinge, Gorinta Varnam",
VUWW0018,29/09/2026 08:10:17,Gayathri GARIGIPARTHI,18+,Female,7075467179,Vijayawada,Annapoorna,
VUWW0019,29/09/2026 08:11:31,Geetanjali GARIGIPARTHI,18+,Female,9398173381,Vijayawada,Makeup Muse,
VUWW0020,29/09/2026 09:10:19,Athikamsetty Srilekha,18+,Female,9133322448,Vijayawada,"Thread & Tinge, Shakthi Pitch",
VUWW0021,29/09/2026 14:25:05,Neeraja Hari Prabhala,18+,Female,9490333194,Vijayawada,"Avakai, Annapoorna, Bommala Koluvu, Thread & Tinge, Shakthi Pitch",
VUWW0022,29/09/2026 22:23:18,Meda Sindhu sri,18+,Female,8125796245,Vijayawada,"Gorinta Varnam, Makeup Muse, Saree Sutra, Thread & Tinge",
VUWW0023,30/09/2026 06:30:38,N. Vanaja,18+,Female,8686085233,Vijayawada,Makeup Muse,
VUWW0024,30/09/2026 10:50:50,Adisri Tutika,18+,Female,7075152914,Vijayawada,"Avakai, Annapoorna, Gorinta Varnam, Bommala Koluvu, Saree Sutra, Malyada, Thread & Tinge, Shakthi Pitch",
VUWW0025,30/09/2026 17:49:53,Kanakamedala Tharuni,18+,Female,,Vijayawada,Gorinta Varnam,J_t 0617
VUWW0026,30/09/2026 20:16:18,శేగు. వెంకటలక్ష్మి కుమారి,18+,Female,8374728932,Vijayawada,Avakai,
VUWW0027,30/09/2026 20:40:42,A.usha rani,18+,Female,6281601770,Vijayawada,Shakthi Pitch,